2024-07-03,6,3900
2024-07-05,6,19800
2024-07-10,6,21300
2024-07-15,6,50700
2024-07-17,6,37800
2024-07-18,6,25500
2024-07-19,6,15000
2024-07-23,6,9000
2024-07-26,6,12000
2024-08-09,6,15000
2024-08-12,6,12000
2024-08-23,6,14100
2024-08-26,6,12000
2024-09-04,6,9600
2024-09-05,6,8400
2024-09-09,6,4800
2024-09-10,6,3600
2024-11-08,6,3000
2024-11-11,6,1800
2024-11-18,6,1200
2024-11-19,6,0
2024-11-21,6,4800
2024-11-22,6,3000
2024-11-25,6,0
2024-07-23,7,900
2024-07-24,7,300
2024-07-25,7,0
2024-07-26,7,300
2024-09-10,7,0
2024-09-09,8,9300
2024-09-10,8,0
2024-07-03,10,600
2024-07-05,10,300
2024-07-25,10,0
2024-07-03,16,1800
2024-07-05,16,4200
2024-07-16,16,1200
2024-07-18,16,15600
2024-07-19,16,25800
2024-07-23,16,32400
2024-07-24,16,34200
2024-07-26,16,34800
2024-07-29,16,35700
2024-07-30,16,35400
2024-08-20,16,35100
2024-08-23,16,28800
2024-08-27,16,30900
2024-08-28,16,28800
2024-08-30,16,26700
2024-09-02,16,30000
2024-09-03,16,24600
2024-09-09,16,19200
2024-09-16,16,24300
2024-10-03,16,22500
2024-10-04,16,19800
2024-11-08,16,4200
2024-11-11,16,0
2024-07-08,17,1500
2024-07-16,17,0
2024-07-17,17,2700
2024-07-23,17,300
2024-07-24,17,5700
2024-07-30,17,0
2024-07-31,17,300
2024-08-01,17,4500
2024-08-02,17,5400
2024-08-05,17,0
2024-08-29,17,2100
2024-09-09,17,2400
2024-09-10,17,1500
2024-09-12,17,600
2024-09-13,17,2100
2024-09-16,17,4500
2024-09-17,17,3300
2024-09-19,17,8400
2024-09-24,17,11100
2024-09-27,17,12600
2024-09-30,17,7800
2024-10-04,17,7200
2024-10-09,17,3300
2024-10-10,17,4800
2024-10-14,17,6000
2024-10-17,17,5400
2024-10-18,17,9300
2024-10-29,17,9900
2024-11-08,17,9300
2024-11-19,17,7800
2024-11-25,17,8400
2024-11-27,17,7200
2024-12-02,17,7500
2024-12-12,17,7800
2025-01-06,17,8100
2025-01-17,17,8700
2025-01-24,17,8400
2025-02-04,17,9000
2025-02-17,17,9300
2025-02-27,17,8700
2025-03-11,17,10200
2025-03-13,17,10800
2025-03-25,17,8400
2025-04-22,17,1800
2025-04-24,17,1500
2025-04-29,17,2100
2024-11-01,22,300
2024-11-04,22,0
2024-07-03,24,383700
2024-07-05,24,365100
2024-07-08,24,408600
2024-07-15,24,399300
2024-07-16,24,333600
2024-07-17,24,298500
2024-07-18,24,264900
2024-07-19,24,231300
2024-07-22,24,186600
2024-07-23,24,79200
2024-07-24,24,49500
2024-07-25,24,28200
2024-07-26,24,19800
2024-07-29,24,11700
2024-07-30,24,600
2024-08-12,24,300
2024-08-29,24,600
2024-09-03,24,300
2024-09-10,24,0
2024-08-22,30,600
2024-08-26,30,900
2024-08-30,30,600
2024-09-03,30,1500
2024-09-10,30,2100
2024-09-17,30,8100
2024-09-19,30,9900
2024-09-20,30,8400
2024-09-23,30,4500
2024-09-24,30,2100
2024-09-25,30,3000
2024-10-02,30,23400
2024-10-03,30,26700
2024-10-04,30,30300
2024-10-07,30,29400
2024-10-09,30,33300
2024-10-10,30,32400
2024-10-14,30,28500
2024-10-16,30,27300
2024-10-17,30,24600
2024-10-18,30,11700
2024-10-21,30,18600
2024-10-22,30,9300
2024-10-23,30,8700
2024-10-24,30,6300
2024-10-28,30,7800
2024-10-29,30,9600
2024-11-01,30,11400
2024-11-04,30,5400
2024-11-05,30,3600
2024-11-08,30,21600
2024-11-11,30,22800
2024-11-12,30,24900
2024-11-22,30,0
2024-07-05,33,23100
2024-07-08,33,112800
2024-07-15,33,113400
2024-07-16,33,104400
2024-07-24,33,118800
2024-07-31,33,60000
2024-08-01,33,111900
2024-08-05,33,375900
2024-08-08,33,389400
2024-08-16,33,401400
2024-08-19,33,407700
2024-08-21,33,381300
2024-08-22,33,386100
2024-08-23,33,407700
2024-08-26,33,392700
2024-08-27,33,375300
2024-08-28,33,399900
2024-08-29,33,410400
2024-08-30,33,417300
2024-09-03,33,401700
2024-09-05,33,388800
2024-09-09,33,402900
2024-09-12,33,432900
2024-09-17,33,437700
2024-09-25,33,364800
2024-09-26,33,385800
2024-09-27,33,429300
2024-10-02,33,495300
2024-10-14,33,468300
2024-10-23,33,387000
2024-10-24,33,507900
2024-11-04,33,309600
2024-11-05,33,154500
2024-11-06,33,264600
2024-11-20,33,261600
2024-11-22,33,258600
2024-11-25,33,258900
2024-12-11,33,250500
2024-12-27,33,249300
2024-12-30,33,283200
2025-01-22,33,260700
2025-01-24,33,189900
2025-01-27,33,253500
2025-03-11,33,200700
2025-03-13,33,270900
2025-04-02,33,73800
2025-04-09,33,85500
2025-04-10,33,73800
2025-04-22,33,53100
2025-04-23,33,25800
2025-04-24,33,16200
2024-07-03,35,7800
2024-07-05,35,138300
2024-07-09,35,146100
2024-07-11,35,139800
2024-07-16,35,154800
2024-07-17,35,126600
2024-07-18,35,88500
2024-07-19,35,49200
2024-07-22,35,42000
2024-07-23,35,18900
2024-07-25,35,18300
2024-07-26,35,20100
2024-08-02,35,21600
2024-08-20,35,17100
2024-08-22,35,25800
2024-08-23,35,17100
2024-08-27,35,18000
2024-08-29,35,16500
2024-08-30,35,15600
2024-09-04,35,13800
2024-09-05,35,13200
2024-09-09,35,9000
2024-09-10,35,6600
2024-09-11,35,4800
2024-09-16,35,5400
2024-09-17,35,6600
2024-10-02,35,5400
2024-10-04,35,4800
2024-10-08,35,6900
2024-10-09,35,6300
2024-10-17,35,6900
2024-11-07,35,5100
2024-11-08,35,3900
2024-11-11,35,3300
2024-11-19,35,1800
2024-11-21,35,900
2024-11-22,35,600
2024-12-10,35,1200
2024-12-19,35,3600
2025-01-03,35,4500
2025-01-27,35,4800
2024-07-08,36,1500
2024-07-10,36,0
2024-07-30,36,300
2024-07-31,36,0
2024-08-01,36,1200
2024-08-02,36,1500
2024-08-05,36,0
2024-08-06,36,300
2024-08-07,36,600
2024-08-09,36,0
2024-08-20,36,600
2024-08-21,36,300
2024-08-23,36,0
2024-08-29,36,600
2024-08-30,36,0
2024-09-09,36,1800
2024-09-10,36,0
2024-09-12,36,300
2024-09-16,36,900
2024-09-19,36,600
2024-09-20,36,1200
2024-09-26,36,5400
2024-10-02,36,0
2024-10-08,36,4500
2024-10-09,36,0
2024-10-10,36,900
2024-11-08,36,0
2024-11-12,36,600
2024-11-18,36,0
2025-03-11,36,9000
2025-03-26,36,0
2024-07-10,37,1200
2024-07-11,37,0
2024-07-29,37,900
2024-07-30,37,0
2024-09-30,37,300
2024-10-02,37,0
2024-10-15,37,900
2024-10-16,37,0
2024-10-23,37,45000
2024-10-28,37,45600
2024-10-29,37,45000
2024-11-04,37,0
2024-11-19,37,160200
2024-12-23,37,0
2025-01-06,37,300
2025-01-15,37,600
2025-01-16,37,0
2025-03-12,37,300
2025-03-13,37,0
2025-04-14,37,300
2025-04-22,37,900
2025-04-25,37,1200
2025-04-29,37,900
2024-07-25,48,300
2024-07-26,48,0
2024-07-31,48,4800
2024-08-01,48,0
2024-08-15,48,300
2024-08-16,48,0
2024-08-20,48,900
2024-08-21,48,4200
2024-08-22,48,4800
2024-08-26,48,5700
2024-08-28,48,15000
2024-08-29,48,32400
2024-08-30,48,33300
2024-09-02,48,30300
2024-09-03,48,52800
2024-09-04,48,86100
2024-09-05,48,87600
2024-09-09,48,25467
2024-09-10,48,33867
2024-09-11,48,32367
2024-09-12,48,29967
2024-09-13,48,26067
2024-09-16,48,19167
2024-09-17,48,29667
2024-09-19,48,27867
2024-09-20,48,28167
2024-09-23,48,25767
2024-09-24,48,19200
2024-09-25,48,19500
2024-09-26,48,20700
2024-09-27,48,21000
2024-09-30,48,19500
2024-10-02,48,24300
2024-10-03,48,30600
2024-10-04,48,38100
2024-10-07,48,36900
2024-10-08,48,30300
2024-10-09,48,46200
2024-10-10,48,44400
2024-10-14,48,42000
2024-10-15,48,44700
2024-10-17,48,44400
2024-10-18,48,26100
2024-10-21,48,24000
2024-10-22,48,60900
2024-10-23,48,59400
2024-10-24,48,51300
2024-10-25,48,52200
2024-10-28,48,46800
2024-10-29,48,47400
2024-10-30,48,41400
2024-11-01,48,45300
2024-11-04,48,34500
2024-11-05,48,32100
2024-11-06,48,42300
2024-11-07,48,42600
2024-11-08,48,57300
2024-11-11,48,62100
2024-11-12,48,72900
2024-11-13,48,75000
2024-11-14,48,74700
2024-11-15,48,65100
2024-11-18,48,30900
2024-11-19,48,88800
2024-11-20,48,102900
2024-11-21,48,45951
2024-11-22,48,55551
2024-11-25,48,57351
2024-11-27,48,56451
2024-11-28,48,57951
2024-11-29,48,57651
2024-12-02,48,56751
2024-12-05,48,56451
2024-12-10,48,57651
2024-12-20,48,21518
2025-01-06,48,20100
2025-01-07,48,19800
2025-01-17,48,18300
2025-01-24,48,18600
2025-02-04,48,19200
2025-02-12,48,18600
2025-02-17,48,19200
2025-02-18,48,18900
2025-02-20,48,21600
2025-02-24,48,21300
2025-02-27,48,18300
2025-03-06,48,19200
2025-03-11,48,19500
2025-03-12,48,19800
2025-03-13,48,19200
2025-03-14,48,19800
2025-03-18,48,18300
2025-03-26,48,20700
2025-04-02,48,18300
2025-04-03,48,19200
2025-04-08,48,18300
2025-04-09,48,19200
2025-04-10,48,20100
2025-04-14,48,21600
2025-04-22,48,19200
2025-04-25,48,18900
2025-04-29,48,20100
2025-04-30,48,21900
2025-05-02,48,21600
2024-07-03,50,1320300
2024-07-05,50,1338300
2024-07-08,50,1356300
2024-07-23,50,1356000
2024-08-01,50,1368000
2024-08-20,50,21000
2024-08-21,50,6000
2024-08-23,50,0
2025-04-07,57,300
2024-09-03,59,3600
2024-09-04,59,0
2024-09-05,59,2100
2024-09-09,59,0
2024-09-27,59,1200
2024-09-30,59,0
2024-08-06,60,600
2024-08-21,60,0
2024-08-23,60,600
2024-09-20,60,0
2024-11-08,60,300
2024-11-26,60,0
2024-11-08,64,1500
2024-11-12,64,0
2024-08-21,70,600
2024-08-23,70,5100
2024-08-27,70,5700
2024-09-02,70,6000
2024-09-04,70,6300
2024-09-09,70,7800
2024-09-25,70,6900
2024-09-30,70,3900
2024-10-04,70,22200
2024-10-07,70,20700
2024-10-08,70,20100
2024-10-09,70,22200
2024-10-14,70,20700
2024-10-17,70,18600
2024-10-21,70,4200
2024-10-24,70,5100
2024-10-28,70,6000
2024-10-29,70,3000
2024-11-01,70,5700
2024-11-04,70,6000
2024-11-05,70,3000
2024-11-11,70,12300
2024-11-12,70,19200
2024-11-14,70,19500
2024-11-15,70,20400
2024-11-18,70,22500
2024-07-05,76,9900
2024-07-08,76,15900
2024-07-17,76,0
2024-07-19,76,1800
2024-07-24,76,25800
2024-07-25,76,24000
2024-07-29,76,29100
2024-07-30,76,28800
2024-07-31,76,29700
2024-08-01,76,28800
2024-08-02,76,27900
2024-08-06,76,26400
2024-08-07,76,27600
2024-08-19,76,26400
2024-08-20,76,20700
2024-08-21,76,19200
2024-08-28,76,1200
2024-09-03,76,600
2024-09-04,76,1200
2024-09-09,76,600
2024-10-02,76,0
2024-10-03,76,300
2024-10-07,76,6300
2024-10-08,76,6600
2024-10-09,76,0
2024-10-14,76,6000
2024-10-18,76,600
2024-10-21,76,12600
2024-11-06,76,12000
2024-11-07,76,6000
2024-11-08,76,2100
2024-11-11,76,0
2024-11-15,76,1200
2024-11-18,76,0
2024-12-13,76,2100
2025-03-03,76,1200
2025-03-13,76,11400
2025-03-19,76,6900
2025-03-25,76,1200
2025-04-07,76,2100
2024-08-14,77,900
2024-11-04,77,0
2024-12-18,77,300
2024-09-04,87,1800
2024-09-05,87,2100
2024-09-09,87,2700
2024-09-10,87,1800
2024-09-11,87,2100
2024-09-13,87,0
2024-10-29,87,600
2024-11-08,87,0
2024-12-03,87,300
2025-01-10,87,0
2024-09-02,91,900
2024-09-05,91,0
2024-09-16,91,300
2024-09-26,91,600
2024-10-04,91,0
2024-11-05,91,1500
2024-11-11,91,1200
2024-11-18,91,1500
2024-12-04,91,900
2024-12-12,91,300
2024-07-03,103,2076900
2024-07-05,103,941700
2024-07-08,103,938400
2024-07-09,103,889200
2024-07-10,103,903300
2024-07-11,103,878400
2024-07-12,103,804600
2024-07-15,103,797400
2024-07-16,103,755400
2024-07-17,103,625500
2024-07-18,103,615300
2024-07-19,103,528900
2024-07-22,103,516300
2024-07-23,103,493500
2024-07-24,103,404700
2024-07-25,103,436800
2024-07-26,103,367200
2024-07-29,103,397200
2024-07-30,103,309900
2024-07-31,103,248400
2024-08-01,103,208800
2024-08-02,103,227400
2024-08-05,103,232800
2024-08-06,103,197400
2024-08-07,103,222600
2024-08-08,103,210300
2024-08-09,103,119100
2024-08-12,103,125400
2024-08-14,103,124800
2024-08-15,103,124500
2024-08-16,103,116700
2024-08-19,103,114600
2024-08-20,103,113100
2024-08-21,103,85500
2024-08-23,103,70500
2024-08-26,103,71400
2024-08-27,103,65700
2024-08-28,103,70800
2024-08-29,103,60600
2024-08-30,103,59400
2024-09-02,103,62400
2024-09-03,103,76200
2024-09-05,103,76800
2024-09-09,103,76500
2024-09-10,103,72600
2024-09-11,103,70200
2024-09-12,103,71700
2024-09-13,103,72900
2024-09-16,103,69900
2024-09-17,103,70200
2024-09-23,103,70500
2024-09-25,103,68700
2024-09-26,103,53700
2024-09-27,103,52500
2024-09-30,103,53700
2024-10-02,103,54300
2024-10-04,103,56100
2024-10-07,103,69300
2024-10-08,103,68700
2024-10-09,103,64200
2024-10-10,103,65700
2024-10-14,103,63000
2024-10-15,103,155400
2024-10-16,103,156000
2024-10-17,103,146700
2024-10-21,103,134400
2024-10-22,103,133200
2024-10-23,103,136800
2024-10-24,103,137100
2024-10-25,103,136800
2024-10-28,103,134400
2024-10-29,103,130800
2024-10-30,103,131400
2024-10-31,103,129000
2024-11-01,103,125700
2024-11-04,103,126600
2024-11-05,103,135000
2024-11-06,103,130200
2024-11-08,103,76500
2024-11-11,103,66900
2024-11-12,103,34200
2024-11-19,103,30000
2024-11-20,103,31800
2024-11-21,103,28200
2024-11-22,103,36000
2024-11-25,103,35400
2024-11-26,103,35100
2024-11-27,103,37200
2024-11-29,103,36000
2024-12-02,103,37800
2024-12-04,103,34800
2024-12-05,103,37500
2024-12-06,103,37800
2024-12-30,103,37500
2025-01-03,103,55800
2025-01-14,103,55500
2025-01-20,103,55200
2025-01-23,103,54300
2025-02-18,103,49500
2025-02-27,103,37500
2025-02-28,103,34200
2025-03-04,103,45000
2025-03-11,103,35400
2025-03-13,103,26400
2025-03-18,103,13200
2025-04-07,103,12900
2025-04-09,103,12000
2025-04-16,103,11700
2025-04-22,103,12900
2025-04-25,103,12300
2025-04-29,103,12900
2025-04-30,103,12300
2024-09-10,105,3600
2024-09-11,105,4800
2024-09-12,105,0
2024-11-11,105,784800
2024-11-25,105,0
2024-07-16,108,3000
2024-07-17,108,15000
2024-07-18,108,24000
2024-08-02,108,0
2024-11-08,108,3600
2024-11-12,108,0
2025-04-03,108,3000
2025-04-08,108,2100
2025-04-09,108,0
2024-10-02,120,360000
2024-10-04,120,0
2024-10-09,120,231900
2024-10-16,120,0
2024-10-22,120,307200
2024-11-04,120,0
2024-07-05,131,300
2024-07-19,131,290
2024-08-26,131,30
2024-11-22,131,1
2024-07-16,133,5100
2024-07-17,133,0
2024-11-15,133,2400
2024-11-18,133,0
2024-07-03,140,49800
2024-07-05,140,22500
2024-07-08,140,36000
2024-07-09,140,34500
2024-07-16,140,0
2024-09-05,140,300
2024-09-10,140,0
2024-09-11,140,300
2024-09-13,140,0
2024-09-17,140,300
2024-10-02,140,0
2024-11-26,155,300
2024-12-27,155,0
2024-07-05,156,3600
2024-07-09,156,0
2024-08-28,156,9000
2024-09-12,156,8400
2024-09-13,156,6900
2024-09-16,156,4500
2024-09-17,156,0
2024-10-02,158,852000
2024-10-04,158,851700
2024-10-07,158,829800
2024-10-09,158,847800
2024-10-10,158,836100
2024-10-14,158,831600
2024-10-18,158,825000
2024-10-22,158,822600
2024-10-23,158,798600
2024-10-29,158,794700
2024-10-30,158,784800
2024-11-11,158,300
2024-11-15,158,0
2024-11-08,163,6600
2024-11-12,163,600
2024-11-13,163,0
2024-08-26,185,600
2024-08-29,185,0
2024-09-13,185,900
2024-09-26,185,0
2024-11-01,185,300
2024-11-05,185,0
2024-07-03,199,300
2024-07-05,199,3900
2024-07-08,199,5400
2024-07-15,199,5100
2024-07-30,199,2100
2024-08-01,199,5100
2024-08-23,199,4200
2024-08-27,199,1800
2024-09-16,199,2100
2024-09-17,199,300
2024-07-16,201,3000
2024-07-18,201,1800
2024-07-19,201,0
2024-07-23,201,1800
2024-07-26,201,0
2024-07-30,201,1800
2024-07-31,201,0
2024-08-07,201,1800
2024-08-08,201,0
2024-08-09,201,1800
2024-08-12,201,0
2024-08-21,201,1200
2024-08-26,201,0
2024-09-03,201,900
2024-09-10,201,600
2024-09-11,201,0
2024-09-12,201,600
2024-09-13,201,0
2024-09-20,201,600
2024-09-23,201,0
2024-09-25,201,600
2024-09-26,201,0
2024-10-02,201,600
2024-10-03,201,0
2024-11-07,201,600
2024-11-15,201,0
2024-11-19,201,300
2024-11-22,201,0
2024-07-08,214,300
2024-07-11,214,0
2024-07-12,214,300
2024-07-15,214,0
2024-07-29,214,300
2024-07-31,214,0
2024-09-13,214,1200
2024-09-16,214,0
2024-12-04,214,300
2024-12-05,214,0
2024-10-07,217,2100
2024-10-08,217,0
2024-10-10,217,1800
2024-10-14,217,0
2024-10-23,217,300
2024-10-24,217,0
2024-11-11,217,900
2024-11-12,217,600
2024-11-15,217,300
2024-11-19,217,0
2024-11-21,217,900
2024-11-22,217,300
2024-11-26,217,0
2024-12-05,217,300
2025-01-06,217,0
2025-04-24,218,9600
2025-04-29,218,36900
2024-07-03,223,1200
2024-07-08,223,300
2024-07-23,223,0
2024-11-27,223,8700
2025-02-20,223,6900
2025-03-12,223,3600
2025-03-14,223,1800
2025-03-17,223,1200
2025-03-18,223,0
2024-10-17,236,3900
2024-10-21,236,900
2024-10-22,236,0
2024-10-28,236,900
2024-11-04,236,2100
2024-11-11,236,0
2024-11-25,236,300
2024-11-26,236,600
2024-12-04,236,1200
2024-07-03,239,1200
2024-07-04,239,140700
2024-07-05,239,7200
2024-07-08,239,16200
2024-07-09,239,24300
2024-07-10,239,10200
2024-07-11,239,20100
2024-07-15,239,8400
2024-07-16,239,7200
2024-07-17,239,12900
2024-07-22,239,16500
2024-07-23,239,12300
2024-07-24,239,24000
2024-07-25,239,18900
2024-07-29,239,20400
2024-07-31,239,17100
2024-08-01,239,13500
2024-08-14,239,9300
2024-08-19,239,6600
2024-08-20,239,600
2024-08-21,239,2700
2024-08-22,239,600
2024-08-23,239,2700
2024-08-29,239,2100
2024-09-03,239,0
2024-09-11,239,300
2024-09-24,239,3300
2024-09-26,239,300
2024-10-03,239,600
2024-10-04,239,300
2024-10-09,239,600
2024-10-15,239,300
2024-11-19,239,600
2024-11-20,239,2100
2024-11-21,239,1800
2024-11-25,239,2100
2024-12-04,239,1800
2024-07-03,243,1500
2024-07-05,243,4500
2024-07-08,243,17100
2024-07-09,243,17400
2024-07-10,243,8100
2024-07-11,243,6300
2024-07-12,243,6600
2024-07-15,243,5400
2024-07-16,243,300
2024-07-17,243,0
2024-07-19,243,600
2024-07-22,243,2100
2024-07-29,243,600
2024-07-31,243,2100
2024-08-01,243,3600
2024-08-02,243,3300
2024-08-05,243,1200
2024-08-06,243,0
2024-08-12,243,3300
2024-08-14,243,3900
2024-08-19,243,3300
2024-08-20,243,0
2024-08-26,243,1500
2024-09-04,243,900
2024-09-10,243,3300
2024-09-11,243,7200
2024-09-12,243,0
2024-09-17,243,2100
2024-09-27,243,0
2024-10-09,243,900
2024-10-10,243,600
2024-10-14,243,0
2024-10-17,243,2100
2024-10-21,243,0
2024-10-23,243,24900
2024-10-24,243,22500
2024-11-04,243,0
2024-11-05,243,300
2024-11-06,243,1500
2024-11-07,243,900
2024-11-08,243,26700
2024-11-11,243,23700
2024-11-12,243,900
2024-11-13,243,600
2024-11-14,243,0
2024-11-18,243,600
2024-11-19,243,300
2024-11-20,243,600
2024-11-21,243,1200
2024-11-26,243,1500
2024-12-03,243,1200
2024-12-05,243,1500
2024-12-09,243,1200
2025-02-17,243,3000
2025-02-19,243,4800
2025-02-27,243,900
2024-09-17,248,2700
2024-09-23,248,4800
2024-09-25,248,2700
2024-09-26,248,5100
2024-09-27,248,0
2024-09-30,248,1800
2024-10-02,248,0
2024-12-03,248,3300
2024-12-05,248,2400
2025-01-10,248,0
2024-07-08,255,600
2024-07-09,255,0
2024-07-10,255,3600
2024-07-11,255,6000
2024-07-15,255,9600
2024-07-19,255,10200
2024-07-22,255,14100
2024-07-23,255,16200
2024-07-24,255,12000
2024-07-25,255,10500
2024-07-30,255,9600
2024-07-31,255,9900
2024-08-01,255,7800
2024-08-02,255,0
2024-09-04,255,1800
2024-09-05,255,0
2024-09-10,255,1500
2024-09-11,255,0
2024-09-17,255,2100
2024-09-23,255,0
2024-10-23,255,289200
2024-10-24,255,170400
2024-10-30,255,27600
2024-11-04,255,0
2024-12-30,255,1200
2025-01-17,255,900
2025-01-21,255,0
2024-07-26,260,5100
2024-07-31,260,0
2024-08-02,260,6300
2024-08-05,260,0
2024-08-06,260,3000
2024-08-09,260,0
2024-08-29,260,2100
2024-08-30,260,0
2024-09-10,260,300
2024-09-12,260,0
2024-10-29,260,900
2024-11-12,260,1200
2024-11-18,260,600
2024-11-19,260,0
2024-07-30,278,6000
2024-08-05,278,3000
2024-08-06,278,0
2024-08-07,278,3000
2024-08-15,278,9000
2024-08-20,278,2100
2024-08-21,278,0
2024-08-27,278,900
2024-08-28,278,4800
2024-09-02,278,2700
2024-09-09,278,0
2024-09-16,278,600
2024-09-17,278,300
2024-10-09,278,0
2024-09-05,286,5100
2024-09-10,286,4500
2024-09-12,286,9000
2024-09-13,286,7500
2024-09-19,286,7800
2024-09-24,286,4800
2024-09-26,286,0
2024-10-18,286,32100
2024-10-21,286,600
2024-10-23,286,0
2024-10-24,286,14100
2024-10-25,286,19800
2024-11-04,286,18000
2024-11-06,286,0
2024-10-22,287,307200
2024-11-04,287,0
2024-11-06,287,228600
2024-11-08,287,0
2024-11-12,287,175200
2024-11-27,287,167100
2025-03-13,287,96900
2025-04-01,287,0
2024-07-03,292,266400
2024-07-05,292,196500
2024-07-16,292,197700
2024-07-17,292,196500
2024-07-24,292,234000
2024-09-13,292,234600
2024-09-16,292,234000
2024-09-30,292,237000
2024-10-02,292,234000
2024-10-28,292,224100
2024-10-29,292,222000
2024-12-11,292,215700
2024-12-30,292,211200
2025-01-15,292,207300
2025-03-11,292,202500
2025-04-10,292,98700
2024-07-03,293,21900
2024-07-05,293,26400
2024-07-08,293,21900
2024-07-09,293,19800
2024-07-10,293,18300
2024-07-16,293,24300
2024-07-17,293,42600
2024-07-18,293,60300
2024-07-19,293,74400
2024-07-22,293,76500
2024-07-23,293,95700
2024-07-24,293,100800
2024-07-25,293,106200
2024-07-26,293,105300
2024-07-29,293,113400
2024-07-30,293,129000
2024-07-31,293,94800
2024-08-01,293,60300
2024-08-02,293,83100
2024-08-05,293,91800
2024-08-06,293,91500
2024-08-07,293,90300
2024-08-09,293,81600
2024-08-12,293,68400
2024-08-13,293,63900
2024-08-14,293,63000
2024-08-15,293,62400
2024-08-16,293,51900
2024-08-19,293,49200
2024-08-20,293,15000
2024-08-21,293,9600
2024-08-22,293,7200
2024-08-23,293,8700
2024-08-26,293,5700
2024-08-28,293,6900
2024-08-29,293,8700
2024-08-30,293,7500
2024-09-02,293,6000
2024-09-03,293,9300
2024-09-04,293,4800
2024-09-09,293,5100
2024-09-10,293,4500
2024-09-12,293,2100
2024-09-16,293,1800
2024-09-17,293,4200
2024-09-23,293,3600
2024-09-24,293,4800
2024-09-25,293,5400
2024-09-26,293,4500
2024-09-27,293,7800
2024-10-02,293,3900
2024-10-03,293,6600
2024-10-04,293,2100
2024-10-08,293,5100
2024-10-09,293,300
2024-10-10,293,4200
2024-10-14,293,6300
2024-10-15,293,6900
2024-10-18,293,4800
2024-10-21,293,6900
2024-10-22,293,3900
2024-10-29,293,4800
2024-11-04,293,1796400
2024-11-07,293,1795800
2024-11-08,293,1791900
2024-11-11,293,1792500
2024-11-12,293,1792200
2024-11-15,293,1791600
2024-11-19,293,1795800
2024-11-20,293,1794600
2024-11-21,293,1792800
2024-11-22,293,1770600
2024-11-25,293,1771500
2024-11-26,293,1765800
2024-11-28,293,1765200
2024-12-06,293,1764900
2024-12-12,293,1763400
2025-01-20,293,1764300
2025-02-27,293,1764000
2025-03-05,293,1765500
2025-03-18,293,1765800
2025-03-19,293,1767900
2025-04-03,293,1768500
2025-04-09,293,1769100
2025-04-10,293,1768800
2025-04-11,293,1767900
2025-05-02,293,1766400
2024-07-03,298,900
2024-07-05,298,147000
2024-07-08,298,92100
2024-07-09,298,93000
2024-07-11,298,95100
2024-07-12,298,86400
2024-07-18,298,90300
2024-07-19,298,90900
2024-07-22,298,106800
2024-07-23,298,90900
2024-07-24,298,92100
2024-07-25,298,90900
2024-07-30,298,91500
2024-07-31,298,5100
2024-08-01,298,0
2024-08-06,298,1800
2024-08-08,298,2700
2024-08-09,298,2400
2024-08-12,298,2700
2024-08-13,298,0
2024-08-20,298,1500
2024-08-21,298,900
2024-08-26,298,0
2024-08-27,298,1200
2024-08-28,298,0
2024-09-11,298,3000
2024-09-13,298,0
2024-07-08,311,1200
2024-07-10,311,0
2024-07-24,311,5100
2024-07-26,311,6300
2024-08-01,311,1200
2024-08-05,311,1800
2024-08-06,311,1200
2024-08-12,311,1500
2024-08-20,311,300
2024-08-21,311,0
2024-08-26,311,2400
2024-08-28,311,600
2024-08-29,311,1200
2024-09-03,311,0
2024-09-09,311,600
2024-09-10,311,1200
2024-09-12,311,600
2024-09-13,311,1500
2024-09-17,311,600
2024-09-24,311,1800
2024-09-27,311,2400
2024-09-30,311,2100
2024-10-02,311,1800
2024-10-04,311,600
2024-10-09,311,1800
2024-10-10,311,600
2024-10-23,311,1800
2024-11-08,311,600
2024-11-20,311,0
2024-11-25,311,900
2024-07-10,312,600
2024-07-11,312,1200
2024-07-24,312,600
2024-08-01,312,3600
2024-08-05,312,1200
2024-08-06,312,0
2024-08-29,312,900
2024-08-30,312,0
2024-08-23,318,900
2024-08-26,318,0
2024-07-19,322,1800
2024-07-23,322,2400
2024-07-24,322,2100
2024-07-29,322,600
2024-08-02,322,0
2024-08-13,322,1800
2024-08-14,322,2100
2024-08-29,322,5100
2024-09-02,322,3300
2024-09-03,322,4800
2024-09-04,322,4500
2024-09-05,322,2700
2024-09-09,322,900
2024-09-10,322,0
2024-07-18,335,9600
2024-07-23,335,0
2024-07-25,335,4800
2024-07-29,335,0
2024-08-21,335,900
2024-08-23,335,2100
2024-08-26,335,900
2024-08-29,335,2100
2024-08-30,335,900
2024-09-12,335,300
2024-09-13,335,0
2024-10-08,335,1800
2024-10-17,335,300
2024-10-23,335,900
2024-11-04,335,1500
2024-11-08,335,1200
2024-11-11,335,600
2024-11-15,335,1200
2024-11-20,335,600
2024-11-26,335,0
2024-12-11,335,300
2025-01-20,335,2400
2025-02-17,335,2100
2025-03-17,335,2400
2025-03-18,335,4500
2025-03-31,335,5400
2025-04-01,335,5700
2025-04-16,335,6300
2025-04-17,335,6900
2025-04-25,335,7800
2025-04-29,335,10800
2024-08-27,348,5700
2024-08-28,348,0
2024-08-29,348,1500
2024-08-30,348,5700
2024-09-02,348,4200
2024-09-03,348,1800
2024-09-05,348,0
2024-09-17,348,300
2024-09-25,348,2400
2024-09-26,348,0
2024-09-30,348,2700
2024-10-02,348,3000
2024-10-03,348,300
2024-10-07,348,0
2024-10-09,348,3900
2024-10-10,348,900
2024-10-14,348,1800
2024-10-15,348,6000
2024-10-24,348,9000
2024-10-28,348,6900
2024-11-15,348,7200
2024-11-27,348,3300
2024-12-05,348,3900
2024-12-06,348,0
2024-11-08,365,3000
2024-11-12,365,600
2024-11-15,365,0
2024-08-26,370,260
2024-11-08,370,10
2024-11-14,370,260
2024-11-22,370,289
2024-08-13,375,900
2024-08-14,375,0
2024-07-08,389,2100
2024-07-09,389,0
2024-09-13,412,300
2024-09-16,412,0
2024-11-12,412,300
2024-11-18,412,0
2024-07-18,414,300
2024-08-15,414,900
2024-09-11,414,0
2024-10-21,414,103500
2024-10-22,414,605600
2024-10-23,414,600500
2024-10-24,414,592100
2024-10-25,414,584300
2024-10-28,414,572600
2024-10-29,414,554000
2024-11-01,414,60000
2024-11-04,414,41700
2024-11-05,414,34500
2024-11-06,414,0
2025-03-25,414,45900
2025-04-02,414,382200
2025-04-10,414,383700
2025-04-14,414,508500
2025-04-22,414,547500
2024-07-03,423,300
2024-07-17,423,0
2024-08-21,423,2100
2024-08-22,423,0
2024-08-23,423,2100
2024-08-26,423,0
2024-09-02,423,300
2024-09-03,423,1500
2024-09-04,423,0
2024-09-05,423,300
2024-09-10,423,0
2024-09-13,423,300
2024-09-16,423,600
2024-09-26,423,900
2024-10-10,423,600
2024-11-19,423,1500
2024-11-21,423,600
2024-11-22,423,0
2024-07-03,426,14400
2024-07-05,426,39300
2024-07-08,426,31500
2024-07-09,426,29400
2024-07-10,426,29100
2024-07-11,426,26400
2024-07-12,426,27600
2024-07-15,426,11100
2024-07-16,426,17100
2024-07-17,426,12300
2024-07-18,426,9900
2024-07-19,426,12300
2024-07-23,426,21300
2024-07-25,426,18300
2024-07-26,426,15300
2024-07-30,426,9000
2024-07-31,426,9300
2024-08-01,426,8400
2024-08-02,426,8100
2024-08-05,426,7200
2024-08-06,426,7500
2024-08-07,426,6900
2024-08-08,426,4200
2024-08-09,426,3900
2024-08-13,426,4200
2024-08-14,426,4800
2024-08-15,426,4200
2024-08-20,426,4800
2024-08-21,426,5100
2024-08-23,426,3900
2024-08-26,426,4200
2024-08-28,426,6000
2024-08-29,426,6300
2024-08-30,426,5700
2024-09-03,426,5400
2024-09-04,426,5700
2024-09-05,426,6000
2024-09-09,426,5400
2024-09-10,426,15900
2024-09-12,426,3600
2024-09-13,426,4200
2024-09-16,426,5100
2024-09-17,426,6000
2024-09-23,426,5700
2024-09-24,426,6300
2024-09-25,426,8700
2024-09-26,426,8400
2024-09-27,426,9000
2024-09-30,426,7800
2024-10-02,426,5100
2024-10-03,426,6300
2024-10-04,426,6000
2024-10-07,426,6600
2024-10-08,426,7200
2024-10-21,426,11100
2024-10-22,426,12000
2024-10-29,426,15900
2024-10-30,426,15600
2024-10-31,426,14400
2024-11-01,426,19500
2024-11-04,426,14100
2024-11-08,426,13800
2024-11-19,426,13200
2024-11-22,426,12600
2024-11-25,426,13200
2024-11-26,426,13800
2025-01-06,426,14700
2025-01-23,426,13200
2025-02-20,426,15000
2025-03-18,426,18000
2025-03-25,426,17700
2024-08-01,438,3000
2024-08-09,438,0
2024-11-01,442,52800
2024-11-04,442,2100
2024-11-05,442,0
2024-07-08,451,63000
2024-09-03,451,42000
2024-09-09,451,21000
2024-09-13,451,21600
2024-09-16,451,21000
2024-10-24,451,27000
2024-10-28,451,33000
2024-11-01,451,33300
2024-11-06,451,27300
2024-11-11,451,29700
2024-11-12,451,36900
2024-11-18,451,30600
2024-11-19,451,4200
2024-11-25,451,0
2024-07-03,452,300
2024-07-05,452,0
2024-10-25,452,6000
2024-11-12,452,6300
2024-11-14,452,9300
2024-11-19,452,0
2024-07-03,454,300
2024-07-05,454,9300
2024-07-08,454,9600
2024-07-09,454,9300
2024-07-10,454,8400
2024-07-15,454,9000
2024-07-16,454,8400
2024-07-19,454,12900
2024-07-23,454,9900
2024-07-25,454,3300
2024-07-29,454,4200
2024-07-31,454,4800
2024-08-01,454,9900
2024-08-02,454,11400
2024-08-05,454,12300
2024-08-06,454,12600
2024-08-12,454,13200
2024-08-15,454,14100
2024-08-21,454,3000
2024-08-22,454,5100
2024-08-26,454,6300
2024-08-27,454,7500
2024-08-28,454,7800
2024-08-29,454,6600
2024-09-02,454,6300
2024-09-03,454,10500
2024-09-04,454,10200
2024-09-05,454,11100
2024-09-09,454,92133
2024-09-10,454,86133
2024-09-12,454,80433
2024-09-17,454,79833
2024-09-24,454,78300
2024-09-25,454,77100
2024-09-26,454,63300
2024-09-27,454,49500
2024-09-30,454,27600
2024-10-02,454,24900
2024-10-03,454,27000
2024-10-04,454,25200
2024-10-07,454,26400
2024-10-08,454,19800
2024-10-09,454,28800
2024-10-10,454,22800
2024-10-14,454,20700
2024-10-15,454,20400
2024-10-18,454,900
2024-10-21,454,0
2024-10-28,454,1800
2024-10-29,454,300
2024-10-30,454,9900
2024-10-31,454,9600
2024-11-01,454,11100
2024-11-04,454,300
2024-11-08,454,99195
2024-11-11,454,97395
2024-11-12,454,92295
2024-11-15,454,95295
2024-11-18,454,130095
2024-11-19,454,134595
2024-11-20,454,133095
2024-11-21,454,206844
2024-11-22,454,208344
2024-11-27,454,209244
2024-11-28,454,210444
2024-12-03,454,212544
2024-12-05,454,185844
2024-12-11,454,186444
2024-12-19,454,185544
2024-12-20,454,221977
2024-12-27,454,262177
2025-01-03,454,235477
2025-01-06,454,221595
2025-01-07,454,220695
2025-01-15,454,221595
2025-01-16,454,220695
2025-01-17,454,217095
2025-01-23,454,174695
2025-01-24,454,172595
2025-02-18,454,171695
2025-02-20,454,170495
2025-02-27,454,132900
2025-03-11,454,126600
2025-03-12,454,125700
2025-03-13,454,121200
2025-03-18,454,111900
2025-03-19,454,108600
2025-03-21,454,108300
2025-03-25,454,89400
2025-03-26,454,86100
2025-03-31,454,85800
2025-04-03,454,84300
2025-04-09,454,81900
2025-04-10,454,78600
2025-04-14,454,73200
2025-04-16,454,72900
2025-04-17,454,72300
2025-04-22,454,57900
2025-04-29,454,49200
2025-04-30,454,48000
2025-05-02,454,47700
2024-07-24,457,2100
2024-11-08,458,3300
2024-11-12,458,0
2024-11-22,458,300
2024-11-26,458,0
2024-07-03,460,4200
2024-07-05,460,23100
2024-07-08,460,26400
2024-07-09,460,26700
2024-07-10,460,29100
2024-07-15,460,20100
2024-07-16,460,24000
2024-07-17,460,35700
2024-07-18,460,39600
2024-07-19,460,42600
2024-07-22,460,57600
2024-07-23,460,73800
2024-07-24,460,55800
2024-07-25,460,60900
2024-07-26,460,59400
2024-07-29,460,60600
2024-07-30,460,57000
2024-07-31,460,73800
2024-08-01,460,78600
2024-08-02,460,79200
2024-08-05,460,68400
2024-08-06,460,69000
2024-08-08,460,54000
2024-08-09,460,60000
2024-08-12,460,63300
2024-08-15,460,62100
2024-08-21,460,59400
2024-08-23,460,59700
2024-08-26,460,60000
2024-08-29,460,56700
2024-08-30,460,54900
2024-09-02,460,55200
2024-09-04,460,54000
2024-09-05,460,455500
2024-09-09,460,454900
2024-09-10,460,460000
2024-09-11,460,454300
2024-09-12,460,438100
2024-09-13,460,435700
2024-09-16,460,435100
2024-09-17,460,412000
2024-09-19,460,411100
2024-09-20,460,408700
2024-09-23,460,402700
2024-09-24,460,396100
2024-09-25,460,394000
2024-09-26,460,387100
2024-09-27,460,358600
2024-09-30,460,356500
2024-10-02,460,362800
2024-10-03,460,357700
2024-10-04,460,268900
2024-10-07,460,267700
2024-10-08,460,266800
2024-10-09,460,235300
2024-10-10,460,232600
2024-10-14,460,224800
2024-10-15,460,215200
2024-10-16,460,213400
2024-10-17,460,211600
2024-10-18,460,161800
2024-10-21,460,159100
2024-10-22,460,144100
2024-10-23,460,142900
2024-10-24,460,141100
2024-10-25,460,138400
2024-10-28,460,134500
2024-10-29,460,101800
2024-11-01,460,86800
2024-11-04,460,80800
2024-11-05,460,64000
2024-11-06,460,52300
2024-11-07,460,51700
2024-11-08,460,59200
2024-11-11,460,60700
2024-11-12,460,49600
2024-11-14,460,49900
2024-11-15,460,49600
2024-11-18,460,98500
2024-11-19,460,106000
2024-11-20,460,127900
2024-11-21,460,136000
2024-11-22,460,164500
2024-11-25,460,946900
2024-11-26,460,945100
2024-11-27,460,944500
2024-11-28,460,940600
2024-11-29,460,940300
2024-12-02,460,938200
2024-12-03,460,937900
2024-12-05,460,932500
2024-12-06,460,931900
2024-12-10,460,921700
2024-12-12,460,917500
2025-01-03,460,917200
2025-01-06,460,906100
2025-01-07,460,902800
2025-01-14,460,901300
2025-01-15,460,900100
2025-01-16,460,899500
2025-01-17,460,894700
2025-01-20,460,891100
2025-01-22,460,890500
2025-01-23,460,880000
2025-01-24,460,875500
2025-02-04,460,874600
2025-02-07,460,874000
2025-02-19,460,873700
2025-02-27,460,872800
2025-03-03,460,874000
2025-03-04,460,873400
2025-03-06,460,872800
2025-03-11,460,870700
2025-03-12,460,869800
2025-03-13,460,867100
2025-03-17,460,866200
2025-03-18,460,852700
2025-03-19,460,852100
2025-03-21,460,851800
2025-03-25,460,850300
2025-03-26,460,849400
2025-04-02,460,849100
2025-04-03,460,847900
2025-04-08,460,848500
2025-04-09,460,848200
2025-04-10,460,847900
2025-04-14,460,846700
2025-04-22,460,845500
2025-04-29,460,843400
2024-07-23,462,600
2024-07-24,462,0
2024-07-29,462,600
2024-07-30,462,0
2024-07-03,463,6300
2024-07-05,463,43200
2024-07-08,463,40800
2024-07-09,463,44700
2024-07-11,463,44100
2024-07-12,463,54000
2024-07-15,463,41400
2024-07-16,463,33300
2024-07-17,463,23700
2024-07-18,463,30300
2024-07-19,463,36000
2024-07-22,463,28500
2024-07-23,463,39600
2024-07-24,463,42600
2024-07-25,463,45300
2024-07-26,463,70200
2024-07-29,463,70500
2024-07-30,463,74100
2024-07-31,463,67800
2024-08-01,463,71100
2024-08-02,463,58800
2024-08-05,463,53100
2024-08-06,463,44700
2024-08-07,463,35700
2024-08-08,463,33000
2024-08-12,463,40500
2024-08-13,463,46800
2024-08-14,463,46200
2024-08-15,463,39600
2024-08-20,463,31200
2024-08-21,463,30300
2024-08-22,463,29700
2024-08-26,463,33300
2024-08-27,463,33000
2024-08-28,463,27900
2024-08-29,463,22200
2024-08-30,463,18600
2024-09-02,463,23100
2024-09-03,463,21900
2024-09-04,463,22200
2024-09-05,463,28800
2024-09-09,463,22200
2024-09-10,463,19800
2024-09-11,463,23400
2024-09-12,463,23700
2024-09-13,463,27000
2024-09-16,463,29400
2024-09-17,463,27300
2024-09-19,463,24300
2024-09-23,463,22200
2024-09-24,463,26100
2024-09-25,463,23700
2024-09-26,463,18600
2024-09-27,463,25200
2024-09-30,463,17400
2024-10-02,463,15600
2024-10-03,463,20700
2024-10-04,463,13200
2024-10-07,463,16200
2024-10-08,463,20400
2024-10-09,463,13200
2024-10-10,463,15600
2024-10-14,463,21900
2024-10-15,463,22500
2024-10-16,463,24300
2024-10-17,463,27300
2024-10-18,463,24300
2024-10-21,463,27300
2024-10-22,463,23400
2024-10-23,463,32700
2024-10-24,463,24300
2024-10-25,463,24000
2024-10-28,463,22500
2024-10-29,463,28800
2024-10-31,463,29100
2024-11-01,463,28800
2024-11-04,463,21000
2024-11-05,463,26100
2024-11-06,463,23100
2024-11-07,463,24300
2024-11-08,463,33300
2024-11-11,463,36000
2024-11-12,463,42000
2024-11-13,463,38700
2024-11-14,463,36900
2024-11-18,463,35100
2024-11-19,463,34500
2024-11-20,463,32700
2024-11-21,463,36000
2024-11-22,463,38100
2024-11-25,463,36900
2024-11-26,463,35100
2024-11-27,463,34800
2024-11-28,463,34200
2024-11-29,463,33000
2024-12-05,463,37200
2024-12-10,463,37800
2024-12-12,463,43200
2024-12-16,463,44400
2024-12-18,463,44100
2024-12-19,463,43200
2024-12-20,463,42600
2024-12-27,463,42000
2024-12-30,463,41400
2025-01-06,463,56700
2025-01-07,463,60600
2025-01-20,463,57600
2025-01-23,463,51900
2025-02-17,463,49500
2025-02-18,463,49800
2025-02-19,463,48000
2025-02-28,463,48600
2025-03-12,463,49200
2025-03-19,463,58200
2025-03-25,463,82500
2025-03-26,463,99900
2025-04-03,463,100800
2025-04-08,463,101400
2025-04-09,463,105600
2025-04-22,463,117000
2025-04-24,463,119700
2025-04-25,463,117600
2025-04-29,463,105300
2025-04-30,463,105600
2024-08-28,465,1200
2024-08-29,465,0
2024-09-02,465,600
2024-09-04,465,0
2024-09-05,465,300
2024-09-10,465,0
2024-09-11,465,600
2024-09-26,465,3600
2024-10-02,465,600
2024-10-07,465,1200
2024-10-23,465,4200
2024-10-24,465,3900
2024-10-25,465,1200
2024-10-28,465,7200
2024-11-04,465,1200
2024-11-12,465,1800
2024-11-19,465,0
2025-03-18,465,900
2025-04-02,465,0
2024-07-15,466,600
2024-07-16,466,2700
2024-07-17,466,1800
2024-07-19,466,2400
2024-07-22,466,600
2024-07-23,466,12600
2024-07-24,466,14100
2024-07-25,466,15000
2024-07-29,466,15300
2024-07-30,466,15900
2024-07-31,466,4500
2024-08-01,466,1200
2024-08-02,466,0
2024-08-06,466,3900
2024-08-07,466,3600
2024-08-08,466,600
2024-08-16,466,0
2024-08-29,466,900
2024-09-02,466,2100
2024-09-03,466,900
2024-09-05,466,0
2024-09-13,466,900
2024-09-16,466,0
2024-09-23,466,900
2024-09-24,466,4200
2024-09-25,466,3000
2024-09-26,466,4200
2024-09-30,466,5100
2024-10-02,466,2100
2024-10-03,466,0
2024-10-14,466,1200
2024-10-15,466,4200
2024-10-17,466,6600
2024-10-21,466,8700
2024-10-22,466,7500
2024-10-23,466,121800
2024-10-24,466,122700
2024-10-25,466,123300
2024-11-04,466,10500
2024-11-08,466,4800
2024-11-12,466,2100
2024-11-15,466,3300
2024-11-18,466,2100
2024-11-19,466,162300
2024-11-20,466,162600
2024-11-21,466,163500
2024-11-22,466,163800
2024-11-25,466,162900
2024-11-26,466,162600
2024-11-29,466,162300
2024-12-10,466,161100
2024-12-23,466,0
2024-07-03,469,3000
2024-07-05,469,9000
2024-07-08,469,11700
2024-07-09,469,7800
2024-07-15,469,5700
2024-07-17,469,5400
2024-07-18,469,2700
2024-07-19,469,1200
2024-07-22,469,1800
2024-07-23,469,17400
2024-07-24,469,27900
2024-07-25,469,30900
2024-07-26,469,32100
2024-07-29,469,33900
2024-07-30,469,18000
2024-07-31,469,24000
2024-08-01,469,30000
2024-08-02,469,31200
2024-08-05,469,31500
2024-08-06,469,27600
2024-08-07,469,26100
2024-08-20,469,22500
2024-08-21,469,17100
2024-08-22,469,18000
2024-08-23,469,17100
2024-08-26,469,13500
2024-08-29,469,2700
2024-09-02,469,3600
2024-09-03,469,2400
2024-09-05,469,2700
2024-09-09,469,2100
2024-09-10,469,3300
2024-09-11,469,300
2024-09-16,469,1800
2024-09-17,469,2100
2024-09-19,469,1800
2024-09-23,469,3300
2024-09-24,469,3600
2024-09-26,469,5100
2024-09-27,469,6300
2024-09-30,469,4200
2024-10-02,469,3000
2024-10-03,469,5100
2024-10-04,469,6000
2024-10-07,469,2700
2024-10-08,469,6000
2024-10-09,469,4500
2024-10-10,469,6000
2024-10-14,469,6300
2024-10-15,469,6600
2024-10-21,469,5400
2024-10-23,469,6000
2024-10-29,469,6900
2024-10-31,469,7200
2024-11-04,469,6000
2024-11-05,469,4800
2024-11-06,469,3300
2024-11-08,469,1500
2024-11-12,469,900
2024-11-14,469,300
2024-11-15,469,900
2024-11-18,469,300
2024-11-19,469,1800
2024-11-20,469,900
2024-11-21,469,600
2024-11-22,469,0
2024-12-18,469,300
2025-01-07,469,0
2024-09-09,471,1500
2024-09-17,471,12300
2024-09-20,471,2100
2024-09-25,471,12300
2024-09-30,471,0
2024-10-29,471,3000
2024-11-04,471,0
2024-11-25,474,300
2024-11-29,474,0
2024-10-21,541,1500
2024-10-23,541,0
2024-11-08,541,300
2024-11-12,541,0
2024-07-15,1077,26400
2024-07-16,1077,34500
2024-07-17,1077,27000
2024-07-18,1077,23700
2024-07-19,1077,31800
2024-07-22,1077,29400
2024-07-23,1077,26400
2024-07-24,1077,36900
2024-07-25,1077,33000
2024-07-26,1077,28500
2024-07-29,1077,26400
2024-07-30,1077,33000
2024-07-31,1077,30900
2024-08-01,1077,24600
2024-08-02,1077,22200
2024-08-05,1077,15300
2024-08-06,1077,15900
2024-08-07,1077,12900
2024-08-08,1077,12300
2024-08-09,1077,11400
2024-08-12,1077,10500
2024-08-13,1077,4200
2024-08-14,1077,3300
2024-08-15,1077,3000
2024-08-19,1077,2400
2024-08-20,1077,2100
2024-08-21,1077,5100
2024-08-22,1077,1200
2024-08-23,1077,7800
2024-08-26,1077,6300
2024-08-27,1077,4500
2024-08-28,1077,7200
2024-08-29,1077,3600
2024-08-30,1077,600
2024-09-02,1077,5100
2024-09-03,1077,5700
2024-09-04,1077,7200
2024-09-05,1077,0
2024-09-09,1077,2700
2024-09-10,1077,0
2024-09-16,1077,3000
2024-09-17,1077,1800
2024-09-19,1077,1500
2024-09-23,1077,2700
2024-09-24,1077,0
2024-09-26,1077,10500
2024-09-27,1077,4500
2024-09-30,1077,7800
2024-10-02,1077,44100
2024-10-03,1077,40500
2024-10-04,1077,44700
2024-10-07,1077,21300
2024-10-08,1077,16500
2024-10-09,1077,23700
2024-10-10,1077,4200
2024-10-14,1077,2400
2024-10-15,1077,3000
2024-10-16,1077,2400
2024-10-18,1077,1500
2024-10-21,1077,1200
2024-10-22,1077,1800
2024-10-23,1077,1500
2024-10-28,1077,2700
2024-10-29,1077,22800
2024-10-30,1077,19800
2024-10-31,1077,20400
2024-11-01,1077,20100
2024-11-04,1077,10500
2024-11-05,1077,50700
2024-11-06,1077,60000
2024-11-07,1077,62700
2024-11-08,1077,26205
2024-11-11,1077,36105
2024-11-12,1077,22005
2024-11-13,1077,23805
2024-11-14,1077,25005
2024-11-15,1077,20805
2024-11-18,1077,29205
2024-11-19,1077,20805
2024-11-20,1077,13005
2024-11-21,1077,14505
2024-11-22,1077,12105
2024-11-25,1077,15705
2024-11-26,1077,15405
2024-11-27,1077,14805
2024-11-28,1077,15405
2024-11-29,1077,13905
2024-12-02,1077,14805
2024-12-03,1077,12105
2024-12-05,1077,30705
2024-12-10,1077,26805
2024-12-11,1077,25905
2024-12-13,1077,24405
2024-12-16,1077,23205
2024-12-18,1077,22905
2024-12-19,1077,22305
2025-01-06,1077,7305
2025-01-07,1077,7905
2025-01-14,1077,7605
2025-01-17,1077,5505
2025-01-20,1077,4905
2025-01-21,1077,5505
2025-01-23,1077,27505
2025-01-24,1077,22705
2025-02-04,1077,22405
2025-02-05,1077,21805
2025-02-17,1077,21505
2025-02-19,1077,21205
2025-02-20,1077,16705
2025-02-24,1077,15805
2025-02-27,1077,36600
2025-02-28,1077,36000
2025-03-12,1077,35400
2025-03-13,1077,33900
2025-03-18,1077,27900
2025-03-19,1077,27300
2025-03-25,1077,13200
2025-03-26,1077,12600
2025-04-03,1077,12300
2025-04-09,1077,12000
2025-04-29,1077,10500
2025-04-30,1077,9900
2024-07-03,1085,4800
2024-07-05,1085,3000
2024-07-08,1085,8700
2024-07-09,1085,8100
2024-07-10,1085,5400
2024-07-11,1085,5100
2024-07-15,1085,4200
2024-07-16,1085,2100
2024-07-17,1085,1800
2024-07-23,1085,5100
2024-07-24,1085,2700
2024-07-25,1085,1200
2024-07-30,1085,0
2024-08-23,1085,900
2024-08-26,1085,0
2024-09-03,1085,2400
2024-09-04,1085,1500
2024-09-09,1085,0
2024-09-10,1085,600
2024-09-16,1085,0
2024-07-03,1086,5400
2024-07-05,1086,0
2024-07-03,1091,900
2024-07-23,1091,600
2024-07-25,1091,300
2024-10-02,1091,0
2024-09-05,1098,1200
2024-09-09,1098,0
2024-09-10,1098,1800
2024-09-11,1098,0
2024-09-13,1098,3300
2024-09-16,1098,2400
2024-09-17,1098,0
2024-09-27,1098,4200
2024-09-30,1098,0
2024-10-14,1098,300
2024-11-08,1098,0
2024-12-02,1098,3000
2024-12-03,1098,0
2024-12-06,1098,3900
2025-01-10,1098,0
2024-07-08,1108,900
2024-07-09,1108,0
2024-10-02,1108,300
2024-10-03,1108,0
2024-11-19,1108,600
2024-11-20,1108,0
2024-07-03,1112,2400
2024-07-05,1112,2100
2024-07-08,1112,3300
2024-07-15,1112,2100
2024-07-17,1112,1800
2024-07-22,1112,0
2024-08-15,1112,300
2024-08-20,1112,0
2024-10-14,1112,1200
2024-10-15,1112,2100
2024-11-08,1112,0
2025-03-14,1112,300
2025-03-18,1112,20400
2025-03-19,1112,8400
2025-03-21,1112,5100
2025-03-25,1112,0
2024-07-03,1114,12900
2024-07-05,1114,549300
2024-07-08,1114,546000
2024-07-09,1114,543900
2024-07-10,1114,547800
2024-07-11,1114,549900
2024-07-12,1114,548700
2024-07-15,1114,599100
2024-07-16,1114,725400
2024-07-17,1114,784200
2024-07-18,1114,811200
2024-07-19,1114,827100
2024-07-22,1114,834600
2024-07-23,1114,850500
2024-07-24,1114,851100
2024-07-25,1114,881700
2024-07-26,1114,888300
2024-07-29,1114,892200
2024-07-30,1114,940500
2024-07-31,1114,1188000
2024-08-01,1114,1158900
2024-08-02,1114,1172400
2024-08-05,1114,1041000
2024-08-06,1114,1073700
2024-08-08,1114,1073400
2024-08-09,1114,1105200
2024-08-12,1114,1107300
2024-08-14,1114,1111500
2024-08-15,1114,1122600
2024-08-16,1114,1118100
2024-08-19,1114,1120800
2024-08-20,1114,1175400
2024-08-21,1114,1326600
2024-08-22,1114,1346100
2024-08-23,1114,1370100
2024-08-26,1114,1383300
2024-08-27,1114,1385700
2024-08-28,1114,1386300
2024-08-29,1114,1384500
2024-08-30,1114,1410300
2024-09-02,1114,1410900
2024-09-03,1114,1427400
2024-09-04,1114,1254600
2024-09-05,1114,1257600
2024-09-09,1114,1316100
2024-09-10,1114,1341600
2024-09-11,1114,1360200
2024-09-12,1114,1368900
2024-09-13,1114,1372200
2024-09-17,1114,1365300
2024-09-19,1114,1363200
2024-09-20,1114,1362600
2024-09-23,1114,1356300
2024-09-24,1114,1355700
2024-09-27,1114,1356300
2024-09-30,1114,1359600
2024-10-02,1114,626400
2024-10-03,1114,784200
2024-10-04,1114,783000
2024-10-07,1114,827400
2024-10-08,1114,1172400
2024-10-09,1114,1200600
2024-10-10,1114,1221000
2024-10-14,1114,1249500
2024-10-22,1114,1260000
2024-10-23,1114,1262400
2024-10-28,1114,1263000
2024-10-30,1114,1262700
2024-10-31,1114,1262400
2024-11-05,1114,1188600
2024-11-06,1114,960900
2024-11-08,1114,954300
2024-11-12,1114,953400
2024-11-13,1114,660000
2024-11-15,1114,327900
2024-11-18,1114,329700
2024-11-19,1114,329400
2024-11-20,1114,275000
2024-11-21,1114,11700
2024-11-25,1114,12000
2024-11-29,1114,11400
2024-12-02,1114,9300
2024-12-03,1114,10500
2024-12-04,1114,10200
2024-12-06,1114,9900
2024-12-09,1114,9300
2024-12-11,1114,9900
2024-12-27,1114,11700
2025-01-03,1114,11100
2025-01-06,1114,11400
2025-01-07,1114,11700
2025-01-14,1114,12000
2025-01-15,1114,11700
2025-01-16,1114,14100
2025-01-17,1114,15900
2025-01-23,1114,11100
2025-01-24,1114,14700
2025-01-27,1114,14400
2025-02-05,1114,12600
2025-02-12,1114,17400
2025-02-18,1114,18600
2025-02-19,1114,20400
2025-02-20,1114,25500
2025-02-27,1114,25200
2025-03-04,1114,24600
2025-03-11,1114,21900
2025-03-12,1114,23100
2025-03-13,1114,23400
2025-03-18,1114,45600
2025-03-19,1114,45900
2025-03-25,1114,47400
2025-03-26,1114,33300
2025-03-31,1114,33000
2025-04-01,1114,32700
2025-04-02,1114,25800
2025-04-03,1114,21900
2025-04-07,1114,22200
2025-04-08,1114,22500
2025-04-09,1114,21000
2025-04-11,1114,20700
2025-04-23,1114,18900
2025-04-24,1114,8700
2025-04-25,1114,10200
2025-04-29,1114,10500
2025-04-30,1114,8700
2024-11-11,1119,600
2025-04-02,1119,1800
2024-09-16,1120,2700
2024-09-17,1120,0
2024-10-03,1120,2700
2024-10-07,1120,0
2024-10-10,1120,7500
2024-10-14,1120,0
2024-09-02,1122,2100
2024-09-03,1122,0
2024-09-09,1122,2400
2024-09-10,1122,0
2024-11-28,1122,3900
2024-12-02,1122,0
2024-08-29,1157,3300
2024-08-30,1157,0
2024-11-27,1157,3900
2024-11-28,1157,0
2024-07-08,1193,1500
2024-07-09,1193,2700
2024-07-10,1193,1500
2024-07-11,1193,1200
2024-07-12,1193,1500
2024-07-15,1193,32700
2024-07-16,1193,40200
2024-07-17,1193,40500
2024-07-18,1193,42000
2024-07-19,1193,56400
2024-07-22,1193,66300
2024-07-23,1193,108000
2024-07-24,1193,166500
2024-07-25,1193,156600
2024-07-26,1193,175200
2024-07-29,1193,164100
2024-07-30,1193,181800
2024-07-31,1193,195300
2024-08-01,1193,196500
2024-08-02,1193,145200
2024-08-05,1193,126600
2024-08-06,1193,131100
2024-08-07,1193,131400
2024-08-08,1193,132300
2024-08-09,1193,143400
2024-08-12,1193,154800
2024-08-13,1193,147300
2024-08-14,1193,145200
2024-08-15,1193,142200
2024-08-16,1193,134100
2024-08-19,1193,130500
2024-08-20,1193,144900
2024-08-21,1193,124500
2024-08-22,1193,107400
2024-08-23,1193,119700
2024-08-26,1193,123900
2024-08-27,1193,117300
2024-08-28,1193,99300
2024-08-29,1193,124500
2024-08-30,1193,115500
2024-09-02,1193,102300
2024-09-03,1193,96000
2024-09-04,1193,94200
2024-09-05,1193,88200
2024-09-09,1193,64800
2024-09-11,1193,60900
2024-09-12,1193,55200
2024-09-13,1193,54600
2024-09-16,1193,55500
2024-09-17,1193,55800
2024-09-19,1193,54900
2024-09-20,1193,54300
2024-09-23,1193,53400
2024-09-24,1193,38400
2024-09-25,1193,39600
2024-09-26,1193,41700
2024-09-27,1193,40500
2024-09-30,1193,39900
2024-10-02,1193,30600
2024-10-03,1193,15000
2024-10-04,1193,30900
2024-10-07,1193,25200
2024-10-08,1193,17700
2024-10-09,1193,2700
2024-10-10,1193,3900
2024-10-14,1193,3600
2024-10-15,1193,9000
2024-10-17,1193,15300
2024-10-18,1193,5100
2024-10-21,1193,4200
2024-10-22,1193,10500
2024-10-23,1193,7800
2024-10-24,1193,10800
2024-10-28,1193,10200
2024-10-30,1193,10500
2024-10-31,1193,9900
2024-11-01,1193,13200
2024-11-04,1193,4800
2024-11-05,1193,10500
2024-11-06,1193,36300
2024-11-07,1193,42000
2024-11-08,1193,73500
2024-11-11,1193,62700
2024-11-12,1193,46200
2024-11-13,1193,46800
2024-11-14,1193,45900
2024-11-18,1193,0
2024-08-28,1200,5700
2024-08-29,1200,0
2024-10-07,1200,3300
2024-10-09,1200,0
2024-10-14,1200,6600
2024-10-15,1200,0
2024-08-09,1203,900
2024-08-21,1203,0
2024-08-23,1203,300
2024-08-29,1203,0
2024-09-03,1203,600
2024-09-04,1203,0
2024-11-18,1203,1200
2024-11-19,1203,0
2025-02-27,1203,600
2025-03-12,1203,0
2024-07-17,1208,21000
2024-07-30,1208,0
2024-12-03,1208,43800
2024-07-24,1210,1500
2024-07-25,1210,0
2024-07-30,1210,3900
2024-07-31,1210,0
2024-11-15,1210,3600
2024-11-18,1210,0
2024-08-01,1214,2100
2024-08-06,1214,0
2024-10-28,1214,300
2024-11-15,1214,0
2024-07-16,1230,30300
2024-07-18,1230,0
2024-11-29,1235,3000
2025-01-03,1235,22800
2025-01-06,1235,25800
2025-01-10,1235,33000
2025-01-14,1235,33600
2025-01-16,1235,45600
2025-01-17,1235,59700
2025-01-20,1235,8700
2025-01-22,1235,65100
2025-01-23,1235,64800
2025-01-24,1235,135600
2025-02-04,1235,172200
2025-02-27,1235,160500
2025-03-14,1235,189000
2025-03-25,1235,206700
2025-04-01,1235,303600
2025-04-14,1235,285600
2025-04-22,1235,210000
2024-07-03,1243,211800
2024-07-05,1243,327000
2024-07-08,1243,303900
2024-07-09,1243,303000
2024-07-10,1243,298800
2024-07-11,1243,282900
2024-07-12,1243,277500
2024-07-15,1243,286500
2024-07-16,1243,273600
2024-07-17,1243,296100
2024-07-18,1243,299100
2024-07-19,1243,318000
2024-07-22,1243,306900
2024-07-23,1243,271500
2024-07-24,1243,322500
2024-07-25,1243,338400
2024-07-26,1243,362700
2024-07-29,1243,338700
2024-07-30,1243,342900
2024-07-31,1243,350400
2024-08-01,1243,362700
2024-08-02,1243,358500
2024-08-05,1243,378600
2024-08-06,1243,369000
2024-08-07,1243,362700
2024-08-08,1243,363300
2024-08-09,1243,408600
2024-08-12,1243,368100
2024-08-13,1243,359700
2024-08-14,1243,362100
2024-08-15,1243,355500
2024-08-16,1243,352500
2024-08-19,1243,351900
2024-08-20,1243,307500
2024-08-21,1243,267900
2024-08-22,1243,268200
2024-08-23,1243,246600
2024-08-26,1243,248700
2024-08-27,1243,248400
2024-08-28,1243,243900
2024-08-29,1243,220500
2024-08-30,1243,213900
2024-09-02,1243,214800
2024-09-03,1243,171300
2024-09-04,1243,165000
2024-09-05,1243,161400
2024-09-09,1243,129300
2024-09-10,1243,99000
2024-09-11,1243,92700
2024-09-12,1243,88800
2024-09-13,1243,88200
2024-09-16,1243,91200
2024-09-17,1243,84900
2024-09-19,1243,87300
2024-09-20,1243,97500
2024-09-23,1243,102300
2024-09-24,1243,107400
2024-09-25,1243,116700
2024-09-26,1243,120600
2024-09-27,1243,118800
2024-09-30,1243,116700
2024-10-02,1243,111600
2024-10-03,1243,107100
2024-10-04,1243,104700
2024-10-07,1243,104400
2024-10-08,1243,107100
2024-10-09,1243,104400
2024-10-10,1243,107100
2024-10-14,1243,111000
2024-10-15,1243,108600
2024-10-16,1243,110700
2024-10-17,1243,110400
2024-10-18,1243,108900
2024-10-21,1243,125100
2024-10-22,1243,141000
2024-10-23,1243,250500
2024-10-24,1243,251700
2024-10-28,1243,262200
2024-10-29,1243,285600
2024-10-30,1243,437400
2024-10-31,1243,441000
2024-11-01,1243,441900
2024-11-04,1243,324900
2024-11-05,1243,357000
2024-11-06,1243,353700
2024-11-07,1243,352500
2024-11-08,1243,428650
2024-11-11,1243,433750
2024-11-12,1243,384850
2024-11-13,1243,384550
2024-11-14,1243,384600
2024-11-15,1243,378900
2024-11-18,1243,381600
2024-11-19,1243,437700
2024-11-20,1243,216000
2024-11-21,1243,169800
2024-11-22,1243,174600
2024-11-25,1243,175200
2024-11-26,1243,179400
2024-11-28,1243,179100
2024-11-29,1243,181800
2024-12-03,1243,178800
2024-12-04,1243,178500
2024-12-05,1243,185400
2024-12-06,1243,185700
2024-12-10,1243,196800
2024-12-11,1243,196500
2024-12-12,1243,197100
2024-12-13,1243,196500
2024-12-20,1243,196800
2024-12-23,1243,126600
2024-12-27,1243,123900
2024-12-30,1243,123600
2025-01-03,1243,130200
2025-01-06,1243,126300
2025-01-14,1243,154800
2025-01-17,1243,154500
2025-01-20,1243,158400
2025-01-21,1243,130200
2025-01-22,1243,130800
2025-01-23,1243,156000
2025-01-24,1243,158700
2025-02-05,1243,161100
2025-02-07,1243,162300
2025-02-14,1243,162600
2025-02-17,1243,163500
2025-02-18,1243,167700
2025-02-20,1243,168000
2025-02-27,1243,166800
2025-03-04,1243,163500
2025-03-05,1243,162000
2025-03-06,1243,162600
2025-03-11,1243,164400
2025-03-12,1243,166800
2025-03-13,1243,167100
2025-03-14,1243,168000
2025-03-17,1243,169500
2025-03-18,1243,177300
2025-03-19,1243,187500
2025-03-21,1243,191400
2025-03-25,1243,213000
2025-03-26,1243,217200
2025-04-02,1243,218700
2025-04-03,1243,220500
2025-04-08,1243,220800
2025-04-09,1243,222600
2025-04-10,1243,224100
2025-04-11,1243,225300
2025-04-14,1243,226800
2025-04-22,1243,220800
2025-04-24,1243,226800
2025-04-25,1243,227100
2025-04-29,1243,230400
2025-04-30,1243,232500
2025-05-02,1243,234600
2024-07-05,1256,16200
2024-08-05,1256,19500
2024-08-06,1256,37500
2024-08-07,1256,38700
2024-08-08,1256,40500
2024-08-09,1256,49500
2024-08-13,1256,67200
2024-08-15,1256,66000
2024-08-21,1256,48000
2024-08-22,1256,16200
2024-09-09,1256,18300
2024-09-10,1256,16200
2024-09-25,1256,16800
2024-10-02,1256,17100
2024-10-03,1256,15300
2024-10-04,1256,14700
2024-11-15,1256,15300
2024-11-18,1256,15000
2024-11-28,1256,15300
2024-11-29,1256,15000
2025-01-06,1256,14100
2025-01-10,1256,13200
2025-01-14,1256,13500
2025-02-13,1256,13200
2025-02-20,1256,12900
2025-04-07,1256,12000
2024-09-13,1284,300
2024-09-16,1284,0
2024-07-05,1324,58200
2024-07-08,1324,88500
2024-07-24,1324,82800
2024-07-25,1324,82200
2024-07-26,1324,0
2024-12-17,1423,9000
2024-07-05,1449,300
2024-07-08,1449,0
2024-08-06,1449,1800
2024-08-09,1449,1500
2024-08-22,1449,0
2024-08-29,1449,1200
2024-09-09,1449,600
2024-09-10,1449,0
2024-07-03,1482,2700
2024-07-05,1482,18000
2024-07-08,1482,18900
2024-07-15,1482,18600
2024-07-16,1482,900
2024-07-17,1482,600
2024-08-02,1482,900
2024-08-05,1482,600
2024-08-21,1482,900
2024-09-16,1482,600
2024-10-28,1482,6900
2024-10-29,1482,600
2024-11-19,1482,300
2024-12-30,1482,0
2025-01-23,1482,15000
2025-01-24,1482,0
2025-04-22,1482,37200
2025-04-29,1482,92100
2024-07-03,1491,4497000
2024-07-04,1491,4357500
2024-07-05,1491,4610700
2024-07-08,1491,4382700
2024-07-10,1491,4395900
2024-07-11,1491,4459200
2024-07-12,1491,4547700
2024-07-16,1491,4583100
2024-07-17,1491,4695000
2024-07-18,1491,4748100
2024-07-19,1491,4839600
2024-07-22,1491,4870800
2024-07-23,1491,4953600
2024-07-26,1491,5029200
2024-07-30,1491,5073000
2024-07-31,1491,5057100
2024-08-02,1491,5093100
2024-08-12,1491,5099100
2024-08-13,1491,5100900
2024-08-21,1491,5119200
2024-08-22,1491,5143200
2024-09-04,1491,5245200
2024-09-12,1491,5269800
2024-09-20,1491,5178000
2024-09-24,1491,5190000
2024-09-25,1491,5273700
2024-09-30,1491,5293800
2024-10-02,1491,4968300
2024-10-03,1491,4818900
2024-10-04,1491,5243100
2024-10-07,1491,5270400
2024-10-08,1491,5271600
2024-10-09,1491,5040600
2024-10-10,1491,5040900
2024-10-16,1491,5273700
2024-10-17,1491,5245800
2024-10-18,1491,5443800
2024-10-21,1491,5195700
2024-10-22,1491,4081300
2024-10-23,1491,3596200
2024-10-24,1491,3596500
2024-10-25,1491,3598300
2024-10-28,1491,3599200
2024-11-01,1491,4039200
2024-11-05,1491,4386600
2024-11-06,1491,4320300
2024-11-07,1491,4320600
2024-11-08,1491,4297500
2024-11-12,1491,4335600
2024-11-15,1491,4336800
2024-11-18,1491,4339200
2024-11-19,1491,3946800
2024-11-22,1491,3948300
2024-11-26,1491,3955800
2024-11-28,1491,3957300
2024-11-29,1491,3957600
2024-12-02,1491,3960600
2024-12-03,1491,3963300
2024-12-04,1491,3966900
2024-12-06,1491,3957600
2024-12-10,1491,3959400
2024-12-17,1491,3950400
2024-12-23,1491,4091700
2024-12-30,1491,4183500
2025-01-03,1491,4236600
2025-01-06,1491,4239600
2025-01-16,1491,4113000
2025-01-17,1491,4109400
2025-01-20,1491,4160700
2025-01-23,1491,4112400
2025-01-27,1491,4048800
2025-02-07,1491,4083000
2025-02-18,1491,4087800
2025-02-27,1491,4128000
2025-02-28,1491,4131300
2025-03-04,1491,4120800
2025-03-06,1491,3619900
2025-03-11,1491,3708700
2025-03-14,1491,3680200
2025-03-18,1491,3667900
2025-03-19,1491,3646900
2025-03-20,1491,4146900
2025-03-25,1491,4102800
2025-03-26,1491,4106400
2025-04-02,1491,4124400
2025-04-11,1491,4145400
2025-04-22,1491,4182600
2025-04-29,1491,4195200
2025-04-30,1491,3858900
2024-07-22,1495,4200
2024-07-23,1495,91200
2024-07-24,1495,60300
2024-07-25,1495,67500
2024-07-26,1495,97800
2024-07-30,1495,108900
2024-08-05,1495,900
2024-08-08,1495,22200
2024-08-09,1495,20700
2024-08-13,1495,29400
2024-08-16,1495,52200
2024-08-19,1495,56700
2024-08-23,1495,36900
2024-09-05,1495,43500
2024-10-07,1495,0
2025-01-16,1509,114000
2025-01-22,1509,57600
2024-07-03,1512,5854800
2024-07-03,1569,19500
2024-07-05,1569,12900
2024-07-09,1569,11400
2024-07-11,1569,11100
2024-07-12,1569,9900
2024-07-15,1569,7800
2024-07-16,1569,4500
2024-07-17,1569,4200
2024-07-18,1569,3000
2024-07-22,1569,2700
2024-07-24,1569,600
2024-08-01,1569,24900
2024-08-02,1569,24600
2024-08-07,1569,14400
2024-08-20,1569,100200
2024-08-28,1569,91200
2024-09-03,1569,137700
2024-09-04,1569,91200
2024-09-17,1569,86100
2024-09-24,1569,98400
2024-09-25,1569,86100
2024-09-26,1569,89400
2024-09-27,1569,85800
2024-09-30,1569,107400
2024-10-02,1569,87000
2024-10-03,1569,91500
2024-10-04,1569,85800
2024-10-07,1569,90000
2024-10-09,1569,85800
2024-10-10,1569,87600
2024-10-18,1569,91500
2024-10-21,1569,88200
2024-10-22,1569,49500
2024-10-28,1569,49800
2024-10-29,1569,50100
2024-11-04,1569,46800
2024-11-05,1569,54000
2024-11-06,1569,46800
2024-11-15,1569,49200
2024-11-18,1569,46800
2024-11-20,1569,41700
2024-11-21,1569,46500
2024-12-27,1569,46800
2024-12-30,1569,46500
2025-01-16,1569,46800
2025-01-17,1569,46500
2025-01-23,1569,48600
2025-01-24,1569,49200
2025-02-04,1569,46500
2025-02-12,1569,42300
2025-02-24,1569,42600
2025-03-03,1569,42300
2025-03-11,1569,42900
2025-04-03,1569,42600
2025-04-09,1569,45000
2024-07-03,1581,900
2024-07-05,1581,600
2024-07-09,1581,300
2024-07-15,1581,600
2024-07-16,1581,300
2024-07-23,1581,0
2024-07-24,1581,900
2024-08-23,1581,0
2024-07-03,1609,900
2024-07-05,1609,600
2024-07-08,1609,300
2024-07-18,1609,0
2024-08-09,1609,6000
2024-08-12,1609,22200
2024-09-03,1609,11100
2024-09-30,1609,0
2024-11-04,1609,600
2024-11-06,1609,0
2024-11-11,1609,2700
2024-11-14,1609,2100
2024-11-19,1609,0
2024-10-21,1618,92100
2024-10-23,1618,91800
2024-10-29,1618,99000
2024-11-04,1618,91800
2024-11-05,1618,0
2024-07-26,1627,600
2024-07-30,1627,0
2024-08-14,1627,300
2024-08-21,1627,600
2024-08-23,1627,300
2024-09-04,1627,1200
2024-09-05,1627,600
2024-09-09,1627,300
2024-09-10,1627,1800
2024-09-12,1627,300
2024-11-20,1627,0
2024-11-21,1627,1500
2024-11-22,1627,1800
2024-11-26,1627,300
2024-12-03,1627,0
2024-07-05,1636,51600
2024-07-08,1636,65100
2024-07-11,1636,44100
2024-07-15,1636,45900
2024-07-16,1636,33000
2024-07-18,1636,26700
2024-07-19,1636,19200
2024-07-22,1636,17400
2024-07-23,1636,3600
2024-07-24,1636,0
2025-03-06,1636,500000
2025-03-20,1636,0
2025-04-30,1636,336300
2024-07-03,1637,1606200
2024-07-05,1637,1612200
2024-07-08,1637,1656000
2024-07-09,1637,1707600
2024-07-10,1637,1708500
2024-07-12,1637,1698300
2024-07-15,1637,1632000
2024-07-16,1637,1623000
2024-07-17,1637,1622100
2024-07-18,1637,1621500
2024-07-19,1637,1620000
2024-07-23,1637,1554300
2024-07-24,1637,1485600
2024-07-25,1637,1432500
2024-07-26,1637,1405800
2024-07-30,1637,1410300
2024-07-31,1637,1400700
2024-08-02,1637,1400100
2024-08-06,1637,1398900
2024-08-08,1637,1398300
2024-08-09,1637,1394400
2024-08-12,1637,1395600
2024-08-13,1637,1387200
2024-08-19,1637,1387800
2024-08-20,1637,1381800
2024-08-21,1637,1378800
2024-09-04,1637,1379400
2024-09-05,1637,980000
2024-09-09,1637,979700
2024-09-10,1637,983300
2024-09-11,1637,982400
2024-09-13,1637,978200
2024-09-16,1637,971300
2024-09-17,1637,53100
2024-09-23,1637,52800
2024-09-25,1637,40200
2024-09-26,1637,39000
2024-09-27,1637,37200
2024-09-30,1637,28500
2024-10-02,1637,900
2024-10-03,1637,300
2024-10-08,1637,1500
2024-10-09,1637,300
2024-11-04,1637,1200
2024-11-05,1637,2100
2024-11-08,1637,81900
2024-11-11,1637,78000
2024-11-12,1637,4200
2024-11-15,1637,4800
2024-11-18,1637,4200
2024-11-19,1637,3000
2024-11-20,1637,2700
2024-11-21,1637,1500
2024-11-28,1637,1800
2024-12-27,1637,1500
2025-01-23,1637,2700
2025-01-24,1637,1800
2025-02-07,1637,1200
2025-02-20,1637,2100
2025-02-27,1637,1200
2025-03-12,1637,1800
2025-03-18,1637,2400
2025-03-19,1637,1500
2025-03-25,1637,1200
2025-04-07,1637,900
2025-04-14,1637,2100
2025-04-23,1637,3900
2025-04-24,1637,5700
2024-10-18,1645,300
2024-10-21,1645,0
2024-07-03,1655,12000
2024-07-05,1655,13500
2024-07-08,1655,30600
2024-07-09,1655,30000
2024-07-10,1655,28200
2024-07-15,1655,24000
2024-07-16,1655,21300
2024-07-17,1655,21000
2024-07-19,1655,12600
2024-07-22,1655,8100
2024-07-23,1655,6000
2024-07-24,1655,33600
2024-07-25,1655,39600
2024-07-26,1655,39300
2024-07-29,1655,38400
2024-07-30,1655,35700
2024-07-31,1655,36000
2024-08-21,1655,34200
2024-08-23,1655,28500
2024-08-26,1655,29400
2024-08-29,1655,26400
2024-08-30,1655,27000
2024-09-03,1655,24000
2024-09-05,1655,24600
2024-09-09,1655,19800
2024-09-11,1655,18300
2024-09-12,1655,16500
2024-09-16,1655,16800
2024-09-17,1655,19500
2024-09-24,1655,5700
2024-09-25,1655,2700
2024-10-09,1655,3000
2024-10-15,1655,2700
2024-10-16,1655,1800
2024-10-18,1655,1500
2024-10-23,1655,1800
2024-10-24,1655,2100
2024-10-25,1655,900
2024-10-28,1655,600
2024-10-29,1655,2100
2024-11-04,1655,300
2024-11-08,1655,900
2024-11-12,1655,300
2024-11-15,1655,2700
2024-11-20,1655,300
2025-03-26,1655,600
2025-03-31,1655,300
2024-07-31,1677,600
2024-08-01,1677,1200
2024-08-13,1677,1500
2024-08-20,1677,900
2024-08-23,1677,0
2024-09-05,1677,300
2024-09-09,1677,0
2024-09-16,1677,600
2024-09-17,1677,1200
2024-09-20,1677,1500
2024-09-23,1677,1800
2024-10-29,1677,2100
2024-11-08,1677,4800
2024-11-12,1677,2100
2024-11-22,1677,1500
2024-11-25,1677,2100
2025-01-03,1677,2400
2025-03-11,1677,3300
2025-03-19,1677,3600
2025-04-22,1677,3900
2024-07-03,1679,105000
2024-07-05,1679,117000
2024-07-08,1679,70200
2024-07-10,1679,69000
2024-07-11,1679,64500
2024-07-15,1679,58800
2024-07-16,1679,47400
2024-07-17,1679,37800
2024-07-18,1679,30900
2024-07-19,1679,27900
2024-07-23,1679,19800
2024-07-24,1679,2100
2024-07-25,1679,1500
2024-07-26,1679,300
2024-07-30,1679,0
2024-07-03,1700,133200
2024-07-05,1700,0
2024-08-09,1700,1200
2024-08-12,1700,2400
2024-08-15,1700,3600
2024-08-20,1700,1320000
2024-08-23,1700,1327500
2024-08-27,1700,1347000
2024-09-04,1700,1449600
2024-09-05,1700,1456500
2024-09-13,1700,1458300
2024-09-17,1700,2387000
2024-09-19,1700,2387300
2024-09-20,1700,2391200
2024-09-23,1700,2405600
2024-09-24,1700,2412200
2024-09-27,1700,2413700
2024-09-30,1700,2440400
2024-10-02,1700,2245100
2024-10-08,1700,1904900
2024-10-14,1700,1910300
2024-10-17,1700,1938200
2024-10-18,1700,1830500
2024-10-21,1700,1910300
2024-10-22,1700,1912700
2024-11-04,1700,1412900
2024-11-05,1700,1320200
2024-11-13,1700,1613600
2024-11-15,1700,1947200
2024-11-20,1700,2209200
2024-11-21,1700,2484500
2024-12-03,1700,2440700
2024-12-06,1700,2450600
2024-12-09,1700,2451500
2024-12-11,1700,2465900
2024-12-23,1700,2716100
2024-12-27,1700,2678900
2024-12-30,1700,2558300
2025-01-03,1700,2486900
2025-01-06,1700,2510300
2025-01-14,1700,2482400
2025-01-15,1700,2486600
2025-01-21,1700,2515100
2025-01-23,1700,2515700
2025-01-24,1700,2536400
2025-02-04,1700,2539100
2025-02-27,1700,2549900
2025-03-11,1700,2525300
2025-03-13,1700,2532500
2025-03-25,1700,2515100
2025-04-02,1700,2365700
2025-04-09,1700,2351600
2025-04-10,1700,2467100
2025-04-14,1700,2362400
2025-04-29,1700,2310500
2024-07-03,1702,14400
2024-07-05,1702,19800
2024-07-08,1702,13200
2024-07-09,1702,12900
2024-07-10,1702,11400
2024-07-11,1702,11100
2024-07-15,1702,8400
2024-07-16,1702,7500
2024-07-17,1702,6600
2024-07-18,1702,6000
2024-07-19,1702,5100
2024-07-22,1702,5400
2024-07-23,1702,4200
2024-07-25,1702,3300
2024-07-26,1702,9600
2024-07-29,1702,7800
2024-07-30,1702,900
2024-08-01,1702,1200
2024-08-02,1702,3900
2024-08-07,1702,3000
2024-08-09,1702,600
2024-09-10,1702,4200
2024-09-12,1702,600
2024-09-16,1702,900
2024-09-17,1702,1200
2024-09-19,1702,900
2024-10-03,1702,600
2024-10-04,1702,3300
2024-10-15,1702,3000
2024-10-17,1702,3300
2024-11-04,1702,3900
2024-11-05,1702,3300
2024-11-08,1702,2400
2024-11-11,1702,600
2024-11-12,1702,1200
2024-11-14,1702,900
2024-11-19,1702,300
2024-11-22,1702,0
2024-11-25,1702,300
2025-01-10,1702,600
2025-01-14,1702,900
2025-01-20,1702,1200
2025-01-24,1702,900
2025-02-13,1702,1200
2025-02-24,1702,2100
2025-03-04,1702,1200
2025-03-12,1702,1800
2025-03-17,1702,1500
2025-03-25,1702,300
2024-07-03,1713,600
2024-07-05,1713,300
2024-07-08,1713,1500
2024-07-09,1713,300
2024-07-15,1713,0
2024-08-14,1718,900
2024-08-20,1718,300
2024-09-04,1718,0
2024-09-25,1718,600
2024-11-18,1718,0
2024-11-19,1718,300
2024-07-03,1723,4200
2024-07-05,1723,600
2024-07-08,1723,300
2024-07-09,1723,0
2024-11-08,1723,5400
2024-11-12,1723,6600
2024-11-19,1723,6900
2024-11-20,1723,7200
2024-11-22,1723,8700
2024-11-25,1723,9600
2025-02-14,1723,9300
2025-02-17,1723,8700
2025-02-18,1723,4200
2025-02-19,1723,3000
2025-02-20,1723,0
2025-03-04,1723,5100
2025-03-12,1723,5400
2024-07-03,1735,10200
2024-07-05,1735,19200
2024-07-08,1735,15300
2024-07-16,1735,6300
2024-07-19,1735,6000
2024-07-23,1735,4500
2024-08-01,1735,0
2025-04-29,1736,300
